<annotation>
	<folder>komedo</folder>
	<filename>komedo_0_2088.jpg</filename>
	<path>C:\Users\putri\Documents\TUGASS PENS\MBKM\DICODING\CAPSTONE PROJECT\ferotion data\dataset feroution\komedo\komedo_0_2088.jpg</path>
	<source>
		<database>Unknown</database>
	</source>
	<size>
		<width>408</width>
		<height>363</height>
		<depth>3</depth>
	</size>
	<segmented>0</segmented>
	<object>
		<name>komedo</name>
		<pose>Unspecified</pose>
		<truncated>0</truncated>
		<difficult>0</difficult>
		<bndbox>
			<xmin>2</xmin>
			<ymin>3</ymin>
			<xmax>407</xmax>
			<ymax>360</ymax>
		</bndbox>
	</object>
</annotation>
