<annotation>
	<folder>komedo</folder>
	<filename>komedo_0_2273.jpg</filename>
	<path>C:\Users\putri\Documents\TUGASS PENS\MBKM\DICODING\CAPSTONE PROJECT\ferotion data\dataset feroution\komedo\komedo_0_2273.jpg</path>
	<source>
		<database>Unknown</database>
	</source>
	<size>
		<width>183</width>
		<height>154</height>
		<depth>3</depth>
	</size>
	<segmented>0</segmented>
	<object>
		<name>komedo</name>
		<pose>Unspecified</pose>
		<truncated>1</truncated>
		<difficult>0</difficult>
		<bndbox>
			<xmin>1</xmin>
			<ymin>1</ymin>
			<xmax>183</xmax>
			<ymax>153</ymax>
		</bndbox>
	</object>
</annotation>
